,Year,Category,Quantity,Miss,FalseAlarm,Exchange,Shift
0,1985 to 1986,Agriculture,279841.0,0.0,279841.0,162456.0,56181.0
1,1985 to 1986,Beach and Dune,254.0,0.0,254.0,69.0,44.0
2,1985 to 1986,Forest Plantation,3.0,0.0,3.0,310.0,497.0
3,1985 to 1986,Grassland,247413.0,247413.0,0.0,64700.0,69521.0
4,1985 to 1986,Mining,0.0,0.0,0.0,7.0,2.0
5,1985 to 1986,Mosaic of Agriculture and Pasture,1.0,0.0,1.0,0.0,0.0
6,1985 to 1986,Natural Forest,96809.0,96809.0,0.0,187806.0,47049.0
7,1985 to 1986,Non Observed,0.0,0.0,0.0,6.0,2.0
8,1985 to 1986,Other Non Forest Natural Formation,0.0,0.0,0.0,0.0,-0.0
9,1985 to 1986,Other Non Vegetated Area,31341.0,0.0,31341.0,81104.0,15759.0
10,1985 to 1986,Pasture,48893.0,0.0,48893.0,262689.0,47907.0
11,1985 to 1986,"River, Lake and Ocean",4344.0,4344.0,0.0,4951.0,295.0
12,1985 to 1986,Rocky outcrop,0.0,0.0,0.0,0.0,0.0
13,1985 to 1986,Salt flat,9.0,0.0,9.0,17.0,11.0
14,1985 to 1986,Urban Infrastructure,11775.0,11775.0,0.0,4.0,0.0
15,1985 to 1986,Wetland,1.0,0.0,1.0,0.0,-0.0
16,1986 to 1987,Agriculture,116591.0,0.0,116591.0,134751.0,42275.0
17,1986 to 1987,Beach and Dune,50.0,0.0,50.0,60.0,2.0
18,1986 to 1987,Forest Plantation,16307.0,16307.0,0.0,604.0,160.0
19,1986 to 1987,Grassland,73278.0,0.0,73278.0,93352.0,24867.0
20,1986 to 1987,Mining,5.0,5.0,0.0,1.0,1.0
21,1986 to 1987,Mosaic of Agriculture and Pasture,2.0,2.0,0.0,2.0,1.0
22,1986 to 1987,Natural Forest,480602.0,0.0,480602.0,544456.0,94307.0
23,1986 to 1987,Non Observed,1.0,1.0,0.0,7.0,1.0
24,1986 to 1987,Other Non Forest Natural Formation,0.0,0.0,0.0,0.0,-0.0
25,1986 to 1987,Other Non Vegetated Area,41880.0,0.0,41880.0,56849.0,20475.0
26,1986 to 1987,Pasture,701204.0,701204.0,0.0,601537.0,30418.0
27,1986 to 1987,"River, Lake and Ocean",15356.0,0.0,15356.0,5835.0,96.0
28,1986 to 1987,Rocky outcrop,0.0,0.0,0.0,0.0,0.0
29,1986 to 1987,Salt flat,0.0,0.0,0.0,2.0,2.0
30,1986 to 1987,Urban Infrastructure,10238.0,10238.0,0.0,5.0,0.0
31,1986 to 1987,Wetland,0.0,0.0,0.0,0.0,0.0
32,1987 to 1988,Agriculture,171869.0,171869.0,0.0,150906.0,3414.0
33,1987 to 1988,Beach and Dune,179.0,179.0,0.0,127.0,8.0
34,1987 to 1988,Forest Plantation,21729.0,21729.0,0.0,285.0,238.0
35,1987 to 1988,Grassland,85830.0,0.0,85830.0,91816.0,0.0
36,1987 to 1988,Mining,24.0,24.0,0.0,5.0,1.0
37,1987 to 1988,Mosaic of Agriculture and Pasture,0.0,0.0,0.0,2.0,0.0
38,1987 to 1988,Natural Forest,927984.0,0.0,927984.0,394459.0,63460.0
39,1987 to 1988,Non Observed,3.0,0.0,3.0,4.0,2.0
40,1987 to 1988,Other Non Forest Natural Formation,0.0,0.0,0.0,0.0,0.0
41,1987 to 1988,Other Non Vegetated Area,22263.0,0.0,22263.0,38914.0,27837.0
42,1987 to 1988,Pasture,826060.0,826060.0,0.0,540177.0,12663.0
43,1987 to 1988,"River, Lake and Ocean",2878.0,2878.0,0.0,3444.0,184.0
44,1987 to 1988,Rocky outcrop,0.0,0.0,0.0,0.0,0.0
45,1987 to 1988,Salt flat,2.0,2.0,0.0,48.0,17.0
46,1987 to 1988,Urban Infrastructure,13337.0,13337.0,0.0,3.0,0.0
47,1987 to 1988,Wetland,0.0,0.0,0.0,0.0,0.0
48,1988 to 1989,Agriculture,604567.0,604567.0,0.0,189709.0,2152.0
49,1988 to 1989,Beach and Dune,383.0,383.0,0.0,92.0,-0.0
50,1988 to 1989,Forest Plantation,7751.0,0.0,7751.0,25440.0,821.0
51,1988 to 1989,Grassland,144131.0,0.0,144131.0,83134.0,24380.0
52,1988 to 1989,Mining,535.0,535.0,0.0,34.0,-0.0
53,1988 to 1989,Mosaic of Agriculture and Pasture,1.0,1.0,0.0,2.0,1.0
54,1988 to 1989,Natural Forest,1021215.0,0.0,1021215.0,293799.0,30398.0
55,1988 to 1989,Non Observed,1.0,1.0,0.0,3.0,3.0
56,1988 to 1989,Other Non Forest Natural Formation,0.0,0.0,0.0,0.0,0.0
57,1988 to 1989,Other Non Vegetated Area,12176.0,0.0,12176.0,38791.0,18460.0
58,1988 to 1989,Pasture,567273.0,567273.0,0.0,439140.0,262809.0
59,1988 to 1989,"River, Lake and Ocean",1727.0,1727.0,0.0,1977.0,620.0
60,1988 to 1989,Rocky outcrop,0.0,0.0,0.0,0.0,0.0
61,1988 to 1989,Salt flat,23.0,0.0,23.0,35.0,3.0
62,1988 to 1989,Urban Infrastructure,10809.0,10809.0,0.0,3.0,0.0
63,1988 to 1989,Wetland,0.0,0.0,0.0,0.0,-0.0
64,1989 to 1990,Agriculture,229395.0,229395.0,0.0,250314.0,3172.0
65,1989 to 1990,Beach and Dune,158.0,158.0,0.0,55.0,-0.0
66,1989 to 1990,Forest Plantation,16566.0,16566.0,0.0,52844.0,351.0
67,1989 to 1990,Grassland,85468.0,0.0,85468.0,95109.0,18707.0
68,1989 to 1990,Mining,13.0,13.0,0.0,4.0,1.0
69,1989 to 1990,Mosaic of Agriculture and Pasture,1.0,0.0,1.0,2.0,0.0
70,1989 to 1990,Natural Forest,757733.0,0.0,757733.0,301479.0,17963.0
71,1989 to 1990,Non Observed,3.0,0.0,3.0,4.0,0.0
72,1989 to 1990,Other Non Forest Natural Formation,0.0,0.0,0.0,0.0,-0.0
73,1989 to 1990,Other Non Vegetated Area,6569.0,6569.0,0.0,36731.0,22775.0
74,1989 to 1990,Pasture,581165.0,581165.0,0.0,480473.0,93024.0
75,1989 to 1990,"River, Lake and Ocean",1672.0,1672.0,0.0,1875.0,86.0
76,1989 to 1990,Rocky outcrop,0.0,0.0,0.0,0.0,0.0
77,1989 to 1990,Salt flat,49.0,49.0,0.0,20.0,0.0
78,1989 to 1990,Urban Infrastructure,7619.0,7619.0,0.0,6.0,-0.0
79,1989 to 1990,Wetland,0.0,0.0,0.0,0.0,0.0
80,1990 to 1991,Agriculture,209566.0,209566.0,0.0,258277.0,1124.0
81,1990 to 1991,Beach and Dune,916.0,916.0,0.0,321.0,2.0
82,1990 to 1991,Forest Plantation,147027.0,147027.0,0.0,1898.0,17.0
83,1990 to 1991,Grassland,83246.0,0.0,83246.0,94861.0,377.0
84,1990 to 1991,Mining,0.0,0.0,0.0,11.0,10.0
85,1990 to 1991,Mosaic of Agriculture and Pasture,1.0,0.0,1.0,2.0,1.0
86,1990 to 1991,Natural Forest,886072.0,0.0,886072.0,195055.0,14995.0
87,1990 to 1991,Non Observed,2.0,2.0,0.0,5.0,1.0
88,1990 to 1991,Other Non Forest Natural Formation,0.0,0.0,0.0,0.0,0.0
89,1990 to 1991,Other Non Vegetated Area,1170.0,0.0,1170.0,37058.0,28539.0
90,1990 to 1991,Pasture,588396.0,588396.0,0.0,440905.0,63766.0
91,1990 to 1991,"River, Lake and Ocean",16957.0,16957.0,0.0,2568.0,581.0
92,1990 to 1991,Rocky outcrop,0.0,0.0,0.0,0.0,0.0
93,1990 to 1991,Salt flat,740.0,740.0,0.0,79.0,9.0
94,1990 to 1991,Urban Infrastructure,6886.0,6886.0,0.0,8.0,-0.0
95,1990 to 1991,Wetland,1.0,0.0,1.0,0.0,-0.0
96,1991 to 1992,Agriculture,122345.0,122345.0,0.0,279028.0,73643.0
97,1991 to 1992,Beach and Dune,42.0,0.0,42.0,123.0,128.0
98,1991 to 1992,Forest Plantation,290.0,0.0,290.0,8327.0,2299.0
99,1991 to 1992,Grassland,35759.0,0.0,35759.0,103859.0,11885.0
100,1991 to 1992,Mining,12.0,12.0,0.0,4.0,2.0
101,1991 to 1992,Mosaic of Agriculture and Pasture,0.0,0.0,0.0,4.0,1.0
102,1991 to 1992,Natural Forest,1113015.0,0.0,1113015.0,191792.0,14661.0
103,1991 to 1992,Non Observed,2.0,2.0,0.0,4.0,3.0
104,1991 to 1992,Other Non Forest Natural Formation,0.0,0.0,0.0,0.0,0.0
105,1991 to 1992,Other Non Vegetated Area,6435.0,6435.0,0.0,45401.0,25242.0
106,1991 to 1992,Pasture,1013422.0,1013422.0,0.0,423042.0,15291.0
107,1991 to 1992,"River, Lake and Ocean",940.0,0.0,940.0,2359.0,153.0
108,1991 to 1992,Rocky outcrop,0.0,0.0,0.0,0.0,0.0
109,1991 to 1992,Salt flat,1129.0,1129.0,0.0,102.0,0.0
110,1991 to 1992,Urban Infrastructure,6701.0,6701.0,0.0,8.0,5.0
111,1991 to 1992,Wetland,0.0,0.0,0.0,0.0,-0.0
112,1992 to 1993,Agriculture,175025.0,175025.0,0.0,377450.0,32149.0
113,1992 to 1993,Beach and Dune,334.0,0.0,334.0,98.0,0.0
114,1992 to 1993,Forest Plantation,19476.0,0.0,19476.0,18967.0,1418.0
115,1992 to 1993,Grassland,48695.0,0.0,48695.0,114279.0,12984.0
116,1992 to 1993,Mining,2.0,0.0,2.0,7.0,1.0
117,1992 to 1993,Mosaic of Agriculture and Pasture,2.0,0.0,2.0,1.0,2.0
118,1992 to 1993,Natural Forest,727229.0,0.0,727229.0,193055.0,24757.0
119,1992 to 1993,Non Observed,2.0,2.0,0.0,4.0,0.0
120,1992 to 1993,Other Non Forest Natural Formation,0.0,0.0,0.0,0.0,0.0
121,1992 to 1993,Other Non Vegetated Area,6233.0,0.0,6233.0,40279.0,24856.0
122,1992 to 1993,Pasture,613322.0,613322.0,0.0,494155.0,21529.0
123,1992 to 1993,"River, Lake and Ocean",330.0,330.0,0.0,2789.0,666.0
124,1992 to 1993,Rocky outcrop,0.0,0.0,0.0,0.0,0.0
125,1992 to 1993,Salt flat,43.0,43.0,0.0,71.0,18.0
126,1992 to 1993,Urban Infrastructure,13249.0,13249.0,0.0,5.0,0.0
127,1992 to 1993,Wetland,0.0,0.0,0.0,0.0,0.0
128,1993 to 1994,Agriculture,302721.0,302721.0,0.0,375561.0,1446.0
129,1993 to 1994,Beach and Dune,314.0,0.0,314.0,108.0,0.0
130,1993 to 1994,Forest Plantation,52872.0,52872.0,0.0,1208.0,0.0
131,1993 to 1994,Grassland,36386.0,0.0,36386.0,113375.0,15852.0
132,1993 to 1994,Mining,0.0,0.0,0.0,8.0,4.0
133,1993 to 1994,Mosaic of Agriculture and Pasture,0.0,0.0,0.0,2.0,1.0
134,1993 to 1994,Natural Forest,970110.0,0.0,970110.0,194724.0,5482.0
135,1993 to 1994,Non Observed,1.0,1.0,0.0,4.0,1.0
136,1993 to 1994,Other Non Forest Natural Formation,0.0,0.0,0.0,0.0,0.0
137,1993 to 1994,Other Non Vegetated Area,2294.0,0.0,2294.0,35963.0,30351.0
138,1993 to 1994,Pasture,630951.0,630951.0,0.0,510544.0,73032.0
139,1993 to 1994,"River, Lake and Ocean",22130.0,22130.0,0.0,2623.0,397.0
140,1993 to 1994,Rocky outcrop,0.0,0.0,0.0,0.0,0.0
141,1993 to 1994,Salt flat,1391.0,0.0,1391.0,50.0,215.0
142,1993 to 1994,Urban Infrastructure,1819.0,1819.0,0.0,10.0,0.0
143,1993 to 1994,Wetland,1.0,1.0,0.0,0.0,0.0
144,1994 to 1995,Agriculture,248085.0,248085.0,0.0,354150.0,13064.0
145,1994 to 1995,Beach and Dune,266.0,266.0,0.0,146.0,16.0
146,1994 to 1995,Forest Plantation,23209.0,23209.0,0.0,9308.0,9.0
147,1994 to 1995,Grassland,79558.0,0.0,79558.0,107174.0,23085.0
148,1994 to 1995,Mining,2.0,0.0,2.0,6.0,11.0
149,1994 to 1995,Mosaic of Agriculture and Pasture,1.0,0.0,1.0,1.0,1.0
150,1994 to 1995,Natural Forest,1003047.0,0.0,1003047.0,194146.0,19437.0
151,1994 to 1995,Non Observed,5.0,5.0,0.0,7.0,0.0
152,1994 to 1995,Other Non Forest Natural Formation,0.0,0.0,0.0,0.0,-0.0
153,1994 to 1995,Other Non Vegetated Area,13461.0,0.0,13461.0,31986.0,33427.0
154,1994 to 1995,Pasture,809158.0,809158.0,0.0,499032.0,33761.0
155,1994 to 1995,"River, Lake and Ocean",3471.0,3471.0,0.0,6181.0,1154.0
156,1994 to 1995,Rocky outcrop,0.0,0.0,0.0,0.0,0.0
157,1994 to 1995,Salt flat,34.0,0.0,34.0,41.0,42.0
158,1994 to 1995,Urban Infrastructure,11911.0,11911.0,0.0,5.0,0.0
159,1994 to 1995,Wetland,0.0,0.0,0.0,0.0,0.0
160,1995 to 1996,Agriculture,341525.0,341525.0,0.0,354609.0,834.0
161,1995 to 1996,Beach and Dune,740.0,740.0,0.0,195.0,1.0
162,1995 to 1996,Forest Plantation,19958.0,19958.0,0.0,16747.0,849.0
163,1995 to 1996,Grassland,52986.0,0.0,52986.0,101098.0,31997.0
164,1995 to 1996,Mining,11.0,11.0,0.0,6.0,2.0
165,1995 to 1996,Mosaic of Agriculture and Pasture,1.0,0.0,1.0,2.0,1.0
166,1995 to 1996,Natural Forest,683595.0,0.0,683595.0,197796.0,713.0
167,1995 to 1996,Non Observed,1.0,0.0,1.0,9.0,1.0
168,1995 to 1996,Other Non Forest Natural Formation,0.0,0.0,0.0,0.0,0.0
169,1995 to 1996,Other Non Vegetated Area,13734.0,0.0,13734.0,26409.0,26251.0
170,1995 to 1996,Pasture,385556.0,385556.0,0.0,501691.0,142274.0
171,1995 to 1996,"River, Lake and Ocean",6201.0,0.0,6201.0,3010.0,17.0
172,1995 to 1996,Rocky outcrop,0.0,0.0,0.0,0.0,0.0
173,1995 to 1996,Salt flat,287.0,287.0,0.0,96.0,1.0
174,1995 to 1996,Urban Infrastructure,8441.0,8441.0,0.0,8.0,2.0
175,1995 to 1996,Wetland,0.0,0.0,0.0,0.0,0.0
176,1996 to 1997,Agriculture,418933.0,418933.0,0.0,269855.0,1004.0
177,1996 to 1997,Beach and Dune,5.0,5.0,0.0,73.0,100.0
178,1996 to 1997,Forest Plantation,17735.0,17735.0,0.0,3872.0,1267.0
179,1996 to 1997,Grassland,30464.0,0.0,30464.0,92698.0,28427.0
180,1996 to 1997,Mining,15.0,15.0,0.0,5.0,2.0
181,1996 to 1997,Mosaic of Agriculture and Pasture,0.0,0.0,0.0,1.0,1.0
182,1996 to 1997,Natural Forest,786094.0,0.0,786094.0,166318.0,1.0
183,1996 to 1997,Non Observed,3.0,0.0,3.0,4.0,1.0
184,1996 to 1997,Other Non Forest Natural Formation,0.0,0.0,0.0,0.0,0.0
185,1996 to 1997,Other Non Vegetated Area,15336.0,15336.0,0.0,25260.0,23413.0
186,1996 to 1997,Pasture,298775.0,298775.0,0.0,399860.0,217632.0
187,1996 to 1997,"River, Lake and Ocean",59064.0,59064.0,0.0,2301.0,59.0
188,1996 to 1997,Rocky outcrop,0.0,0.0,0.0,0.0,0.0
189,1996 to 1997,Salt flat,772.0,772.0,0.0,14.0,0.0
190,1996 to 1997,Urban Infrastructure,5927.0,5927.0,0.0,9.0,1.0
191,1996 to 1997,Wetland,0.0,0.0,0.0,0.0,0.0
192,1997 to 1998,Agriculture,237752.0,237752.0,0.0,347722.0,3159.0
193,1997 to 1998,Beach and Dune,281.0,0.0,281.0,66.0,3.0
194,1997 to 1998,Forest Plantation,10999.0,10999.0,0.0,7265.0,341.0
195,1997 to 1998,Grassland,36711.0,0.0,36711.0,100695.0,39686.0
196,1997 to 1998,Mining,18.0,18.0,0.0,4.0,2.0
197,1997 to 1998,Mosaic of Agriculture and Pasture,0.0,0.0,0.0,1.0,1.0
198,1997 to 1998,Natural Forest,703236.0,0.0,703236.0,175553.0,7312.0
199,1997 to 1998,Non Observed,1.0,0.0,1.0,6.0,2.0
200,1997 to 1998,Other Non Forest Natural Formation,0.0,0.0,0.0,0.0,0.0
201,1997 to 1998,Other Non Vegetated Area,10331.0,10331.0,0.0,42606.0,16159.0
202,1997 to 1998,Pasture,434187.0,434187.0,0.0,459470.0,83714.0
203,1997 to 1998,"River, Lake and Ocean",42436.0,42436.0,0.0,4142.0,1231.0
204,1997 to 1998,Rocky outcrop,0.0,0.0,0.0,0.0,0.0
205,1997 to 1998,Salt flat,686.0,686.0,0.0,48.0,-0.0
206,1997 to 1998,Urban Infrastructure,3820.0,3820.0,0.0,11.0,0.0
207,1997 to 1998,Wetland,0.0,0.0,0.0,0.0,-0.0
208,1998 to 1999,Agriculture,275540.0,275540.0,0.0,371985.0,1730.0
209,1998 to 1999,Beach and Dune,136.0,0.0,136.0,85.0,1.0
210,1998 to 1999,Forest Plantation,15170.0,15170.0,0.0,9566.0,109.0
211,1998 to 1999,Grassland,70353.0,0.0,70353.0,92287.0,30876.0
212,1998 to 1999,Mining,16.0,16.0,0.0,5.0,1.0
213,1998 to 1999,Mosaic of Agriculture and Pasture,2.0,0.0,2.0,2.0,1.0
214,1998 to 1999,Natural Forest,618948.0,0.0,618948.0,179386.0,5.0
215,1998 to 1999,Non Observed,1.0,1.0,0.0,6.0,1.0
216,1998 to 1999,Other Non Forest Natural Formation,0.0,0.0,0.0,0.0,0.0
217,1998 to 1999,Other Non Vegetated Area,7989.0,0.0,7989.0,37365.0,26392.0
218,1998 to 1999,Pasture,396108.0,396108.0,0.0,503464.0,104133.0
219,1998 to 1999,"River, Lake and Ocean",489.0,0.0,489.0,2256.0,2107.0
220,1998 to 1999,Rocky outcrop,0.0,0.0,0.0,0.0,0.0
221,1998 to 1999,Salt flat,11.0,0.0,11.0,43.0,4.0
222,1998 to 1999,Urban Infrastructure,11094.0,11094.0,0.0,9.0,-0.0
223,1998 to 1999,Wetland,0.0,0.0,0.0,0.0,-0.0
224,1999 to 2000,Agriculture,452502.0,452502.0,0.0,296037.0,1252.0
225,1999 to 2000,Beach and Dune,163.0,0.0,163.0,113.0,2.0
226,1999 to 2000,Forest Plantation,7940.0,7940.0,0.0,7061.0,1673.0
227,1999 to 2000,Grassland,64342.0,0.0,64342.0,89450.0,44730.0
228,1999 to 2000,Mining,16.0,16.0,0.0,5.0,2.0
229,1999 to 2000,Mosaic of Agriculture and Pasture,1.0,1.0,0.0,2.0,1.0
230,1999 to 2000,Natural Forest,837917.0,0.0,837917.0,161043.0,615.0
231,1999 to 2000,Non Observed,1.0,1.0,0.0,7.0,3.0
232,1999 to 2000,Other Non Forest Natural Formation,0.0,0.0,0.0,0.0,-0.0
233,1999 to 2000,Other Non Vegetated Area,43673.0,43673.0,0.0,57744.0,4911.0
234,1999 to 2000,Pasture,371958.0,371958.0,0.0,438133.0,246893.0
235,1999 to 2000,"River, Lake and Ocean",17759.0,17759.0,0.0,2560.0,814.0
236,1999 to 2000,Rocky outcrop,0.0,0.0,0.0,0.0,0.0
237,1999 to 2000,Salt flat,1285.0,0.0,1285.0,35.0,0.0
238,1999 to 2000,Urban Infrastructure,9856.0,9856.0,0.0,11.0,0.0
239,1999 to 2000,Wetland,0.0,0.0,0.0,0.0,0.0
240,2000 to 2001,Agriculture,354114.0,354114.0,0.0,408156.0,1320.0
241,2000 to 2001,Beach and Dune,188.0,188.0,0.0,142.0,3.0
242,2000 to 2001,Forest Plantation,10385.0,10385.0,0.0,5956.0,2210.0
243,2000 to 2001,Grassland,88745.0,0.0,88745.0,85657.0,34841.0
244,2000 to 2001,Mining,31.0,31.0,0.0,7.0,4.0
245,2000 to 2001,Mosaic of Agriculture and Pasture,0.0,0.0,0.0,1.0,2.0
246,2000 to 2001,Natural Forest,676068.0,0.0,676068.0,153939.0,113.0
247,2000 to 2001,Non Observed,3.0,3.0,0.0,6.0,1.0
248,2000 to 2001,Other Non Forest Natural Formation,0.0,0.0,0.0,0.0,0.0
249,2000 to 2001,Other Non Vegetated Area,60638.0,60638.0,0.0,46558.0,25820.0
250,2000 to 2001,Pasture,330971.0,330971.0,0.0,525684.0,191585.0
251,2000 to 2001,"River, Lake and Ocean",1979.0,1979.0,0.0,2670.0,6113.0
252,2000 to 2001,Rocky outcrop,0.0,0.0,0.0,0.0,0.0
253,2000 to 2001,Salt flat,330.0,0.0,330.0,19.0,1.0
254,2000 to 2001,Urban Infrastructure,6832.0,6832.0,0.0,9.0,0.0
255,2000 to 2001,Wetland,0.0,0.0,0.0,0.0,0.0
256,2001 to 2002,Agriculture,688689.0,688689.0,0.0,239723.0,1042.0
257,2001 to 2002,Beach and Dune,205.0,205.0,0.0,121.0,3.0
258,2001 to 2002,Forest Plantation,20390.0,20390.0,0.0,5425.0,2293.0
259,2001 to 2002,Grassland,98690.0,0.0,98690.0,69479.0,40531.0
260,2001 to 2002,Mining,76.0,76.0,0.0,6.0,3.0
261,2001 to 2002,Mosaic of Agriculture and Pasture,0.0,0.0,0.0,1.0,2.0
262,2001 to 2002,Natural Forest,800185.0,0.0,800185.0,121519.0,5.0
263,2001 to 2002,Non Observed,3.0,3.0,0.0,6.0,2.0
264,2001 to 2002,Other Non Forest Natural Formation,0.0,0.0,0.0,0.0,0.0
265,2001 to 2002,Other Non Vegetated Area,27155.0,0.0,27155.0,29270.0,54586.0
266,2001 to 2002,Pasture,135632.0,135632.0,0.0,366805.0,439065.0
267,2001 to 2002,"River, Lake and Ocean",75810.0,75810.0,0.0,1285.0,113.0
268,2001 to 2002,Rocky outcrop,0.0,0.0,0.0,0.0,0.0
269,2001 to 2002,Salt flat,187.0,0.0,187.0,19.0,0.0
270,2001 to 2002,Urban Infrastructure,5413.0,5413.0,0.0,10.0,0.0
271,2001 to 2002,Wetland,0.0,0.0,0.0,0.0,0.0
272,2002 to 2003,Agriculture,642912.0,642912.0,0.0,196070.0,733.0
273,2002 to 2003,Beach and Dune,23.0,23.0,0.0,188.0,41.0
274,2002 to 2003,Forest Plantation,27890.0,27890.0,0.0,6831.0,2047.0
275,2002 to 2003,Grassland,80874.0,0.0,80874.0,82561.0,43931.0
276,2002 to 2003,Mining,53.0,53.0,0.0,8.0,7.0
277,2002 to 2003,Mosaic of Agriculture and Pasture,0.0,0.0,0.0,1.0,3.0
278,2002 to 2003,Natural Forest,1039232.0,0.0,1039232.0,154889.0,0.0
279,2002 to 2003,Non Observed,3.0,3.0,0.0,7.0,4.0
280,2002 to 2003,Other Non Forest Natural Formation,0.0,0.0,0.0,0.0,0.0
281,2002 to 2003,Other Non Vegetated Area,83175.0,83175.0,0.0,40851.0,28877.0
282,2002 to 2003,Pasture,350670.0,350670.0,0.0,374466.0,411860.0
283,2002 to 2003,"River, Lake and Ocean",12013.0,12013.0,0.0,1963.0,44.0
284,2002 to 2003,Rocky outcrop,0.0,0.0,0.0,0.0,0.0
285,2002 to 2003,Salt flat,25.0,25.0,0.0,24.0,7.0
286,2002 to 2003,Urban Infrastructure,3344.0,3344.0,0.0,10.0,0.0
287,2002 to 2003,Wetland,1.0,0.0,1.0,0.0,-0.0
288,2003 to 2004,Agriculture,1205458.0,1205458.0,0.0,199248.0,827.0
289,2003 to 2004,Beach and Dune,80.0,0.0,80.0,216.0,13.0
290,2003 to 2004,Forest Plantation,30617.0,30617.0,0.0,6200.0,1972.0
291,2003 to 2004,Grassland,170413.0,0.0,170413.0,76876.0,52084.0
292,2003 to 2004,Mining,39.0,39.0,0.0,7.0,5.0
293,2003 to 2004,Mosaic of Agriculture and Pasture,2.0,0.0,2.0,2.0,1.0
294,2003 to 2004,Natural Forest,828324.0,0.0,828324.0,151137.0,1.0
295,2003 to 2004,Non Observed,2.0,2.0,0.0,9.0,3.0
296,2003 to 2004,Other Non Forest Natural Formation,0.0,0.0,0.0,0.0,0.0
297,2003 to 2004,Other Non Vegetated Area,25928.0,0.0,25928.0,50040.0,67874.0
298,2003 to 2004,Pasture,235215.0,0.0,235215.0,373447.0,503698.0
299,2003 to 2004,"River, Lake and Ocean",19391.0,19391.0,0.0,2821.0,6.0
300,2003 to 2004,Rocky outcrop,0.0,0.0,0.0,0.0,0.0
301,2003 to 2004,Salt flat,24.0,24.0,0.0,20.0,9.0
302,2003 to 2004,Urban Infrastructure,4431.0,4431.0,0.0,8.0,0.0
303,2003 to 2004,Wetland,0.0,0.0,0.0,0.0,0.0
304,2004 to 2005,Agriculture,939761.0,939761.0,0.0,256090.0,920.0
305,2004 to 2005,Beach and Dune,61.0,61.0,0.0,190.0,15.0
306,2004 to 2005,Forest Plantation,38960.0,38960.0,0.0,3549.0,4321.0
307,2004 to 2005,Grassland,89035.0,0.0,89035.0,85279.0,30826.0
308,2004 to 2005,Mining,75.0,75.0,0.0,21.0,4.0
309,2004 to 2005,Mosaic of Agriculture and Pasture,3.0,0.0,3.0,1.0,0.0
310,2004 to 2005,Natural Forest,585317.0,0.0,585317.0,155082.0,3.0
311,2004 to 2005,Non Observed,5.0,5.0,0.0,9.0,2.0
312,2004 to 2005,Other Non Forest Natural Formation,0.0,0.0,0.0,0.0,0.0
313,2004 to 2005,Other Non Vegetated Area,49665.0,0.0,49665.0,39295.0,50079.0
314,2004 to 2005,Pasture,274908.0,0.0,274908.0,391186.0,447009.0
315,2004 to 2005,"River, Lake and Ocean",15866.0,15866.0,0.0,3169.0,14.0
316,2004 to 2005,Rocky outcrop,0.0,0.0,0.0,0.0,0.0
317,2004 to 2005,Salt flat,41.0,41.0,0.0,24.0,1.0
318,2004 to 2005,Urban Infrastructure,4158.0,4158.0,0.0,9.0,0.0
319,2004 to 2005,Wetland,0.0,0.0,0.0,0.0,-0.0
320,2005 to 2006,Agriculture,394885.0,394885.0,0.0,303858.0,1540.0
321,2005 to 2006,Beach and Dune,36.0,0.0,36.0,199.0,49.0
322,2005 to 2006,Forest Plantation,60137.0,60137.0,0.0,3330.0,1704.0
323,2005 to 2006,Grassland,67494.0,0.0,67494.0,82492.0,10068.0
324,2005 to 2006,Mining,169.0,169.0,0.0,30.0,11.0
325,2005 to 2006,Mosaic of Agriculture and Pasture,2.0,0.0,2.0,1.0,1.0
326,2005 to 2006,Natural Forest,438710.0,0.0,438710.0,164366.0,2.0
327,2005 to 2006,Non Observed,5.0,5.0,0.0,9.0,4.0
328,2005 to 2006,Other Non Forest Natural Formation,0.0,0.0,0.0,0.0,0.0
329,2005 to 2006,Other Non Vegetated Area,26947.0,0.0,26947.0,37328.0,23959.0
330,2005 to 2006,Pasture,40494.0,40494.0,0.0,446656.0,315409.0
331,2005 to 2006,"River, Lake and Ocean",31256.0,31256.0,0.0,2375.0,9.0
332,2005 to 2006,Rocky outcrop,0.0,0.0,0.0,0.0,0.0
333,2005 to 2006,Salt flat,1207.0,1207.0,0.0,17.0,-0.0
334,2005 to 2006,Urban Infrastructure,5037.0,5037.0,0.0,8.0,44.0
335,2005 to 2006,Wetland,0.0,0.0,0.0,0.0,0.0
336,2006 to 2007,Agriculture,317873.0,317873.0,0.0,294105.0,1148.0
337,2006 to 2007,Beach and Dune,238.0,0.0,238.0,131.0,0.0
338,2006 to 2007,Forest Plantation,74569.0,74569.0,0.0,4457.0,6446.0
339,2006 to 2007,Grassland,32318.0,0.0,32318.0,77344.0,9940.0
340,2006 to 2007,Mining,49.0,49.0,0.0,11.0,15.0
341,2006 to 2007,Mosaic of Agriculture and Pasture,4.0,0.0,4.0,1.0,1.0
342,2006 to 2007,Natural Forest,366318.0,0.0,366318.0,158369.0,0.0
343,2006 to 2007,Non Observed,2.0,2.0,0.0,9.0,7.0
344,2006 to 2007,Other Non Forest Natural Formation,0.0,0.0,0.0,0.0,0.0
345,2006 to 2007,Other Non Vegetated Area,10074.0,0.0,10074.0,34350.0,21221.0
346,2006 to 2007,Pasture,3631.0,3631.0,0.0,431716.0,278126.0
347,2006 to 2007,"River, Lake and Ocean",7188.0,7188.0,0.0,1936.0,13.0
348,2006 to 2007,Rocky outcrop,0.0,0.0,0.0,0.0,0.0
349,2006 to 2007,Salt flat,120.0,120.0,0.0,12.0,0.0
350,2006 to 2007,Urban Infrastructure,5518.0,5518.0,0.0,9.0,1.0
351,2006 to 2007,Wetland,0.0,0.0,0.0,0.0,-0.0
352,2007 to 2008,Agriculture,457490.0,457490.0,0.0,172773.0,928.0
353,2007 to 2008,Beach and Dune,16.0,16.0,0.0,177.0,30.0
354,2007 to 2008,Forest Plantation,131716.0,131716.0,0.0,6640.0,940.0
355,2007 to 2008,Grassland,42343.0,0.0,42343.0,78846.0,28712.0
356,2007 to 2008,Mining,126.0,126.0,0.0,55.0,22.0
357,2007 to 2008,Mosaic of Agriculture and Pasture,2.0,0.0,2.0,3.0,2.0
358,2007 to 2008,Natural Forest,438918.0,0.0,438918.0,178281.0,19.0
359,2007 to 2008,Non Observed,1.0,1.0,0.0,15.0,1.0
360,2007 to 2008,Other Non Forest Natural Formation,0.0,0.0,0.0,0.0,0.0
361,2007 to 2008,Other Non Vegetated Area,13660.0,13660.0,0.0,34995.0,24726.0
362,2007 to 2008,Pasture,128679.0,0.0,128679.0,346507.0,304437.0
363,2007 to 2008,"River, Lake and Ocean",3553.0,3553.0,0.0,5226.0,158.0
364,2007 to 2008,Rocky outcrop,0.0,0.0,0.0,0.0,0.0
365,2007 to 2008,Salt flat,78.0,0.0,78.0,42.0,2.0
366,2007 to 2008,Urban Infrastructure,3457.0,3457.0,0.0,10.0,0.0
367,2007 to 2008,Wetland,0.0,0.0,0.0,0.0,0.0
368,2008 to 2009,Agriculture,451395.0,451395.0,0.0,294101.0,3293.0
369,2008 to 2009,Beach and Dune,209.0,209.0,0.0,157.0,3.0
370,2008 to 2009,Forest Plantation,103163.0,103163.0,0.0,7675.0,96.0
371,2008 to 2009,Grassland,92048.0,0.0,92048.0,90414.0,19675.0
372,2008 to 2009,Mining,112.0,0.0,112.0,114.0,69.0
373,2008 to 2009,Mosaic of Agriculture and Pasture,2.0,0.0,2.0,2.0,1.0
374,2008 to 2009,Natural Forest,276458.0,0.0,276458.0,209866.0,46.0
375,2008 to 2009,Non Observed,2.0,2.0,0.0,17.0,2.0
376,2008 to 2009,Other Non Forest Natural Formation,0.0,0.0,0.0,0.0,0.0
377,2008 to 2009,Other Non Vegetated Area,6451.0,0.0,6451.0,36359.0,31889.0
378,2008 to 2009,Pasture,200932.0,0.0,200932.0,470737.0,161354.0
379,2008 to 2009,"River, Lake and Ocean",12952.0,12952.0,0.0,3204.0,214.0
380,2008 to 2009,Rocky outcrop,0.0,0.0,0.0,0.0,0.0
381,2008 to 2009,Salt flat,154.0,0.0,154.0,16.0,2.0
382,2008 to 2009,Urban Infrastructure,8436.0,8436.0,0.0,14.0,-0.0
383,2008 to 2009,Wetland,1.0,1.0,0.0,0.0,0.0
384,2009 to 2010,Agriculture,264438.0,264438.0,0.0,369593.0,4925.0
385,2009 to 2010,Beach and Dune,22.0,22.0,0.0,180.0,23.0
386,2009 to 2010,Forest Plantation,114087.0,114087.0,0.0,6425.0,34.0
387,2009 to 2010,Grassland,75673.0,0.0,75673.0,80913.0,12847.0
388,2009 to 2010,Mining,116.0,116.0,0.0,23.0,38.0
389,2009 to 2010,Mosaic of Agriculture and Pasture,1.0,0.0,1.0,2.0,1.0
390,2009 to 2010,Natural Forest,331650.0,0.0,331650.0,171226.0,205.0
391,2009 to 2010,Non Observed,6.0,0.0,6.0,15.0,3.0
392,2009 to 2010,Other Non Forest Natural Formation,0.0,0.0,0.0,0.0,0.0
393,2009 to 2010,Other Non Vegetated Area,14637.0,14637.0,0.0,39222.0,21026.0
394,2009 to 2010,Pasture,11528.0,0.0,11528.0,519037.0,225532.0
395,2009 to 2010,"River, Lake and Ocean",19792.0,19792.0,0.0,5834.0,54.0
396,2009 to 2010,Rocky outcrop,0.0,0.0,0.0,0.0,0.0
397,2009 to 2010,Salt flat,906.0,0.0,906.0,17.0,-0.0
398,2009 to 2010,Urban Infrastructure,6674.0,6674.0,0.0,8.0,0.0
399,2009 to 2010,Wetland,0.0,0.0,0.0,0.0,0.0
400,2010 to 2011,Agriculture,635023.0,635023.0,0.0,146211.0,2147.0
401,2010 to 2011,Beach and Dune,27.0,0.0,27.0,240.0,9.0
402,2010 to 2011,Forest Plantation,134348.0,134348.0,0.0,8071.0,4565.0
403,2010 to 2011,Grassland,63449.0,0.0,63449.0,62681.0,34544.0
404,2010 to 2011,Mining,255.0,255.0,0.0,20.0,54.0
405,2010 to 2011,Mosaic of Agriculture and Pasture,1.0,0.0,1.0,1.0,1.0
406,2010 to 2011,Natural Forest,432997.0,0.0,432997.0,178020.0,4.0
407,2010 to 2011,Non Observed,4.0,0.0,4.0,8.0,10.0
408,2010 to 2011,Other Non Forest Natural Formation,0.0,0.0,0.0,0.0,0.0
409,2010 to 2011,Other Non Vegetated Area,18464.0,18464.0,0.0,38592.0,34578.0
410,2010 to 2011,Pasture,331339.0,0.0,331339.0,333506.0,245460.0
411,2010 to 2011,"River, Lake and Ocean",33926.0,33926.0,0.0,2459.0,96.0
412,2010 to 2011,Rocky outcrop,0.0,0.0,0.0,0.0,0.0
413,2010 to 2011,Salt flat,3.0,3.0,0.0,22.0,3.0
414,2010 to 2011,Urban Infrastructure,5797.0,5797.0,0.0,10.0,0.0
415,2010 to 2011,Wetland,0.0,0.0,0.0,0.0,-0.0
416,2011 to 2012,Agriculture,619130.0,619130.0,0.0,529876.0,21087.0
417,2011 to 2012,Beach and Dune,36.0,36.0,0.0,188.0,148.0
418,2011 to 2012,Forest Plantation,174598.0,174598.0,0.0,10451.0,15.0
419,2011 to 2012,Grassland,97523.0,0.0,97523.0,97423.0,24673.0
420,2011 to 2012,Mining,111.0,111.0,0.0,19.0,65.0
421,2011 to 2012,Mosaic of Agriculture and Pasture,2.0,0.0,2.0,1.0,2.0
422,2011 to 2012,Natural Forest,491263.0,0.0,491263.0,226423.0,0.0
423,2011 to 2012,Non Observed,4.0,0.0,4.0,12.0,6.0
424,2011 to 2012,Other Non Forest Natural Formation,0.0,0.0,0.0,0.0,0.0
425,2011 to 2012,Other Non Vegetated Area,7682.0,7682.0,0.0,47553.0,45202.0
426,2011 to 2012,Pasture,217196.0,0.0,217196.0,665025.0,308088.0
427,2011 to 2012,"River, Lake and Ocean",961.0,0.0,961.0,5309.0,2478.0
428,2011 to 2012,Rocky outcrop,0.0,0.0,0.0,0.0,0.0
429,2011 to 2012,Salt flat,10.0,10.0,0.0,20.0,36.0
430,2011 to 2012,Urban Infrastructure,5382.0,5382.0,0.0,11.0,0.0
431,2011 to 2012,Wetland,0.0,0.0,0.0,0.0,-0.0
432,2012 to 2013,Agriculture,670857.0,670857.0,0.0,246048.0,8346.0
433,2012 to 2013,Beach and Dune,183.0,0.0,183.0,207.0,23.0
434,2012 to 2013,Forest Plantation,114973.0,114973.0,0.0,13172.0,77.0
435,2012 to 2013,Grassland,90246.0,0.0,90246.0,75462.0,19457.0
436,2012 to 2013,Mining,3.0,3.0,0.0,21.0,92.0
437,2012 to 2013,Mosaic of Agriculture and Pasture,0.0,0.0,0.0,2.0,2.0
438,2012 to 2013,Natural Forest,598298.0,0.0,598298.0,195081.0,-0.0
439,2012 to 2013,Non Observed,0.0,0.0,0.0,7.0,8.0
440,2012 to 2013,Other Non Forest Natural Formation,0.0,0.0,0.0,0.0,0.0
441,2012 to 2013,Other Non Vegetated Area,63303.0,63303.0,0.0,39918.0,38647.0
442,2012 to 2013,Pasture,147055.0,0.0,147055.0,435299.0,452876.0
443,2012 to 2013,"River, Lake and Ocean",24490.0,0.0,24490.0,11164.0,2199.0
444,2012 to 2013,Rocky outcrop,0.0,0.0,0.0,0.0,0.0
445,2012 to 2013,Salt flat,18.0,18.0,0.0,17.0,1.0
446,2012 to 2013,Urban Infrastructure,11119.0,11119.0,0.0,10.0,-0.0
447,2012 to 2013,Wetland,0.0,0.0,0.0,0.0,0.0
448,2013 to 2014,Agriculture,1889451.0,1889451.0,0.0,405439.0,1134.0
449,2013 to 2014,Beach and Dune,122.0,0.0,122.0,228.0,11.0
450,2013 to 2014,Forest Plantation,67632.0,67632.0,0.0,18126.0,9007.0
451,2013 to 2014,Grassland,109669.0,0.0,109669.0,67617.0,3438.0
452,2013 to 2014,Mining,156.0,156.0,0.0,58.0,0.0
453,2013 to 2014,Mosaic of Agriculture and Pasture,3.0,0.0,3.0,2.0,0.0
454,2013 to 2014,Natural Forest,540998.0,0.0,540998.0,150824.0,388.0
455,2013 to 2014,Non Observed,4.0,4.0,0.0,7.0,5.0
456,2013 to 2014,Other Non Forest Natural Formation,0.0,0.0,0.0,0.0,0.0
457,2013 to 2014,Other Non Vegetated Area,53903.0,0.0,53903.0,34581.0,36180.0
458,2013 to 2014,Pasture,1239262.0,0.0,1239262.0,494324.0,371106.0
459,2013 to 2014,"River, Lake and Ocean",20887.0,0.0,20887.0,3991.0,94.0
460,2013 to 2014,Rocky outcrop,0.0,0.0,0.0,0.0,0.0
461,2013 to 2014,Salt flat,9.0,0.0,9.0,15.0,4.0
462,2013 to 2014,Urban Infrastructure,7610.0,7610.0,0.0,17.0,7.0
463,2013 to 2014,Wetland,0.0,0.0,0.0,0.0,-0.0
464,2014 to 2015,Agriculture,350127.0,350127.0,0.0,123161.0,1201.0
465,2014 to 2015,Beach and Dune,196.0,0.0,196.0,230.0,40.0
466,2014 to 2015,Forest Plantation,26593.0,26593.0,0.0,3665.0,4665.0
467,2014 to 2015,Grassland,33015.0,0.0,33015.0,58337.0,439.0
468,2014 to 2015,Mining,26.0,26.0,0.0,57.0,17.0
469,2014 to 2015,Mosaic of Agriculture and Pasture,2.0,0.0,2.0,1.0,1.0
470,2014 to 2015,Natural Forest,396888.0,0.0,396888.0,160629.0,2952.0
471,2014 to 2015,Non Observed,9.0,0.0,9.0,5.0,6.0
472,2014 to 2015,Other Non Forest Natural Formation,0.0,0.0,0.0,0.0,0.0
473,2014 to 2015,Other Non Vegetated Area,5006.0,0.0,5006.0,29335.0,24472.0
474,2014 to 2015,Pasture,64347.0,64347.0,0.0,300159.0,297585.0
475,2014 to 2015,"River, Lake and Ocean",13865.0,0.0,13865.0,2748.0,241.0
476,2014 to 2015,Rocky outcrop,0.0,0.0,0.0,0.0,0.0
477,2014 to 2015,Salt flat,21.0,0.0,21.0,11.0,0.0
478,2014 to 2015,Urban Infrastructure,7909.0,7909.0,0.0,15.0,0.0
479,2014 to 2015,Wetland,0.0,0.0,0.0,0.0,0.0
480,2015 to 2016,Agriculture,438034.0,438034.0,0.0,149826.0,2242.0
481,2015 to 2016,Beach and Dune,4.0,0.0,4.0,198.0,49.0
482,2015 to 2016,Forest Plantation,79200.0,79200.0,0.0,5745.0,2650.0
483,2015 to 2016,Grassland,48244.0,0.0,48244.0,50553.0,438.0
484,2015 to 2016,Mining,217.0,217.0,0.0,28.0,0.0
485,2015 to 2016,Mosaic of Agriculture and Pasture,2.0,0.0,2.0,2.0,0.0
486,2015 to 2016,Natural Forest,355294.0,0.0,355294.0,143057.0,1667.0
487,2015 to 2016,Non Observed,3.0,3.0,0.0,7.0,2.0
488,2015 to 2016,Other Non Forest Natural Formation,0.0,0.0,0.0,0.0,0.0
489,2015 to 2016,Other Non Vegetated Area,31538.0,31538.0,0.0,44244.0,929.0
490,2015 to 2016,Pasture,139338.0,0.0,139338.0,308366.0,284177.0
491,2015 to 2016,"River, Lake and Ocean",10575.0,0.0,10575.0,1692.0,2.0
492,2015 to 2016,Rocky outcrop,0.0,0.0,0.0,0.0,0.0
493,2015 to 2016,Salt flat,10.0,0.0,10.0,12.0,0.0
494,2015 to 2016,Urban Infrastructure,4475.0,4475.0,0.0,13.0,44.0
495,2015 to 2016,Wetland,0.0,0.0,0.0,0.0,-0.0
496,2016 to 2017,Agriculture,551905.0,551905.0,0.0,76441.0,1272.0
497,2016 to 2017,Beach and Dune,270.0,0.0,270.0,126.0,51.0
498,2016 to 2017,Forest Plantation,41818.0,41818.0,0.0,2369.0,4133.0
499,2016 to 2017,Grassland,54875.0,0.0,54875.0,58543.0,2245.0
500,2016 to 2017,Mining,82.0,0.0,82.0,188.0,109.0
501,2016 to 2017,Mosaic of Agriculture and Pasture,2.0,0.0,2.0,1.0,0.0
502,2016 to 2017,Natural Forest,399835.0,0.0,399835.0,138462.0,2663.0
503,2016 to 2017,Non Observed,4.0,0.0,4.0,5.0,1.0
504,2016 to 2017,Other Non Forest Natural Formation,0.0,0.0,0.0,0.0,0.0
505,2016 to 2017,Other Non Vegetated Area,18452.0,0.0,18452.0,33289.0,17826.0
506,2016 to 2017,Pasture,118804.0,0.0,118804.0,236570.0,352095.0
507,2016 to 2017,"River, Lake and Ocean",6183.0,0.0,6183.0,1983.0,2.0
508,2016 to 2017,Rocky outcrop,0.0,0.0,0.0,0.0,0.0
509,2016 to 2017,Salt flat,4.0,4.0,0.0,5.0,1.0
510,2016 to 2017,Urban Infrastructure,4781.0,4781.0,0.0,42.0,4.0
511,2016 to 2017,Wetland,0.0,0.0,0.0,0.0,0.0
512,2017 to 2018,Agriculture,752378.0,752378.0,0.0,64786.0,803.0
513,2017 to 2018,Beach and Dune,50.0,0.0,50.0,32.0,18.0
514,2017 to 2018,Forest Plantation,43081.0,0.0,43081.0,1390.0,22.0
515,2017 to 2018,Grassland,93200.0,0.0,93200.0,49198.0,0.0
516,2017 to 2018,Mining,166.0,0.0,166.0,22.0,46.0
517,2017 to 2018,Mosaic of Agriculture and Pasture,1.0,0.0,1.0,0.0,2.0
518,2017 to 2018,Natural Forest,328854.0,0.0,328854.0,143215.0,10281.0
519,2017 to 2018,Non Observed,0.0,0.0,0.0,2.0,2.0
520,2017 to 2018,Other Non Forest Natural Formation,0.0,0.0,0.0,0.0,0.0
521,2017 to 2018,Other Non Vegetated Area,36178.0,36178.0,0.0,39338.0,13176.0
522,2017 to 2018,Pasture,325365.0,0.0,325365.0,245394.0,316551.0
523,2017 to 2018,"River, Lake and Ocean",1911.0,0.0,1911.0,996.0,200.0
524,2017 to 2018,Rocky outcrop,0.0,0.0,0.0,0.0,0.0
525,2017 to 2018,Salt flat,3.0,0.0,3.0,2.0,2.0
526,2017 to 2018,Urban Infrastructure,4076.0,4076.0,0.0,18.0,5.0
527,2017 to 2018,Wetland,0.0,0.0,0.0,0.0,0.0
528,2018 to 2019,Agriculture,624800.0,624800.0,0.0,29729.0,666.0
529,2018 to 2019,Beach and Dune,1222.0,0.0,1222.0,72.0,34.0
530,2018 to 2019,Forest Plantation,76887.0,76887.0,0.0,695.0,17415.0
531,2018 to 2019,Grassland,42182.0,0.0,42182.0,49025.0,5883.0
532,2018 to 2019,Mining,116.0,0.0,116.0,12.0,-0.0
533,2018 to 2019,Mosaic of Agriculture and Pasture,1.0,0.0,1.0,0.0,0.0
534,2018 to 2019,Natural Forest,259430.0,0.0,259430.0,43499.0,24.0
535,2018 to 2019,Non Observed,2.0,2.0,0.0,6.0,6.0
536,2018 to 2019,Other Non Forest Natural Formation,0.0,0.0,0.0,0.0,0.0
537,2018 to 2019,Other Non Vegetated Area,7639.0,0.0,7639.0,47020.0,13651.0
538,2018 to 2019,Pasture,396760.0,0.0,396760.0,90508.0,163418.0
539,2018 to 2019,"River, Lake and Ocean",2722.0,2722.0,0.0,6610.0,1261.0
540,2018 to 2019,Rocky outcrop,0.0,0.0,0.0,0.0,0.0
541,2018 to 2019,Salt flat,80.0,0.0,80.0,16.0,0.0
542,2018 to 2019,Urban Infrastructure,3020.0,3020.0,0.0,18.0,-0.0
543,2018 to 2019,Wetland,1.0,0.0,1.0,0.0,-0.0
